Rank,Artist,Title,Streams
Rank,Artist,Title,Streams
Rank,Artist,Title,Streams
Rank,Artist,Title,Streams
Rank,Artist,Title,Streams
Rank,Artist,Title,Streams
Rank,Artist,Title,Streams
Rank,Artist,Title,Streams
Rank,Artist,Title,Streams
Rank,Artist,Title,Streams
Rank,Artist,Title,Streams
Rank,Artist,Title,Streams
Rank,Artist,Title,Streams
Rank,Artist,Title,Streams
Rank,Artist,Title,Streams
Rank,Artist,Title,Streams
Rank,Artist,Title,Streams
Rank,Artist,Title,Streams
Rank,Artist,Title,Streams
Rank,Artist,Title,Streams
Rank,Artist,Title,Streams
Rank,Artist,Title,Streams
Rank,Artist,Title,Streams
Rank,Artist,Title,Streams
Rank,Artist,Title,Streams
Rank,Artist,Title,Streams
Rank,Artist,Title,Streams
Rank,Artist,Title,Streams
Rank,Artist,Title,Streams
Rank,Artist,Title,Streams
Rank,Artist,Title,Streams
Rank,Artist,Title,Streams
Rank,Artist,Title,Streams
Rank,Artist,Title,Streams
Rank,Artist,Title,Streams
Rank,Artist,Title,Streams
Rank,Artist,Title,Streams
Rank,Artist,Title,Streams
Rank,Artist,Title,Streams
Rank,Artist,Title,Streams
Rank,Artist,Title,Streams
Rank,Artist,Title,Streams
Rank,Artist,Title,Streams
Rank,Artist,Title,Streams
Rank,Artist,Title,Streams
Rank,Artist,Title,Streams
Rank,Artist,Title,Streams
Rank,Artist,Title,Streams
Rank,Artist,Title,Streams
Rank,Artist,Title,Streams
Rank,Artist,Title,Streams
Rank,Artist,Title,Streams
Rank,Artist,Title,Streams
Rank,Artist,Title,Streams
Rank,Artist,Title,Streams
Rank,Artist,Title,Streams
Rank,Artist,Title,Streams
Rank,Artist,Title,Streams
Rank,Artist,Title,Streams
Rank,Artist,Title,Streams
Rank,Artist,Title,Streams
Rank,Artist,Title,Streams
